transaction_id,seller_id,customer_id,product_sku,transaction_date,transaction_amount,shipping_address,return_status
TXN1000,SELLER868,CUST1337,SKU62368,2024-10-11,198.66,"518 Main St, City36",false
TXN1001,SELLER988,CUST3200,SKU94895,2025-02-07,466.62,"400 Main St, City25",true
TXN1002,SELLER791,CUST1841,SKU82381,2025-07-13,241.58,"434 Main St, City22",true
TXN1003,SELLER309,CUST3175,SKU36182,2024-12-25,168.74,"907 Main St, City39",true
TXN1004,SELLER862,CUST2629,SKU20867,2025-06-06,183.2,"511 Main St, City24",true
TXN1005,SELLER133,CUST6073,SKU19660,2024-09-02,393.08,"412 Main St, City12",true
TXN1006,SELLER261,CUST1890,SKU12045,2025-03-26,155.7,"709 Main St, City8",false
TXN1007,SELLER957,CUST3197,SKU87769,2024-11-02,361.59,"811 Main St, City15",true
TXN1008,SELLER558,CUST2485,SKU36060,2025-05-03,225.54,"264 Main St, City27",true
TXN1009,SELLER455,CUST6986,SKU43463,2025-04-15,332.45,"652 Main St, City20",false
TXN1010,SELLER278,CUST6945,SKU60361,2025-07-06,453.96,"961 Main St, City22",true
TXN1011,SELLER685,CUST3477,SKU93730,2025-07-26,213.45,"573 Main St, City5",true
TXN1012,SELLER125,CUST2357,SKU36793,2025-05-27,271.83,"692 Main St, City9",false
TXN1013,SELLER380,CUST4990,SKU49784,2025-07-21,270.28,"546 Main St, City33",false
TXN1014,SELLER314,CUST7038,SKU65028,2025-04-06,272.21,"323 Main St, City6",true
TXN1015,SELLER834,CUST2600,SKU38225,2024-11-10,467.26,"314 Main St, City31",false
TXN1016,SELLER531,CUST6132,SKU67277,2025-02-28,12.95,"472 Main St, City47",true
TXN1017,SELLER462,CUST2549,SKU73183,2025-06-14,478.93,"616 Main St, City38",false
TXN1018,SELLER297,CUST3639,SKU75151,2024-11-07,395.75,"497 Main St, City26",false
TXN1019,SELLER193,CUST8032,SKU63907,2025-04-17,426.55,"852 Main St, City33",true
TXN1020,SELLER101,CUST5229,SKU97722,2024-11-08,475.71,"753 Main St, City37",false
TXN1021,SELLER481,CUST9714,SKU76750,2024-10-24,375.19,"433 Main St, City34",true
TXN1022,SELLER116,CUST6547,SKU32172,2024-10-02,488.32,"171 Main St, City42",true
TXN1023,SELLER561,CUST4046,SKU63940,2025-03-27,497.71,"148 Main St, City30",false
TXN1024,SELLER340,CUST8605,SKU95448,2025-03-15,215.71,"848 Main St, City36",true
TXN1025,SELLER259,CUST3716,SKU46569,2025-04-10,377.82,"317 Main St, City6",true
TXN1026,SELLER798,CUST5551,SKU97064,2024-09-28,214.0,"176 Main St, City13",true
TXN1027,SELLER912,CUST7738,SKU26525,2024-11-25,120.53,"737 Main St, City14",false
TXN1028,SELLER264,CUST1586,SKU53501,2025-06-20,152.21,"655 Main St, City12",true
TXN1029,SELLER689,CUST2731,SKU14249,2025-02-28,245.46,"193 Main St, City48",true
TXN1030,SELLER722,CUST3495,SKU38254,2024-09-03,108.2,"358 Main St, City13",false
TXN1031,SELLER759,CUST8968,SKU39794,2024-11-19,317.39,"239 Main St, City40",false
TXN1032,SELLER431,CUST7376,SKU14345,2024-11-03,281.53,"183 Main St, City20",true
TXN1033,SELLER397,CUST8034,SKU52452,2025-02-02,194.96,"644 Main St, City21",true
TXN1034,SELLER879,CUST3796,SKU70584,2025-06-23,369.93,"878 Main St, City38",false
TXN1035,SELLER840,CUST8641,SKU44167,2025-05-01,341.78,"261 Main St, City7",false
TXN1036,SELLER884,CUST9567,SKU49752,2025-03-05,259.3,"119 Main St, City3",false
TXN1037,SELLER653,CUST2623,SKU22568,2025-05-17,383.05,"508 Main St, City7",true
TXN1038,SELLER523,CUST4338,SKU63799,2024-10-08,365.85,"750 Main St, City28",false
TXN1039,SELLER557,CUST6908,SKU77846,2024-12-03,22.71,"378 Main St, City22",false
TXN1040,SELLER645,CUST1937,SKU25628,2024-12-07,154.7,"948 Main St, City17",false
TXN1041,SELLER629,CUST7582,SKU68429,2024-09-09,367.51,"266 Main St, City48",true
TXN1042,SELLER994,CUST1251,SKU14464,2024-08-12,204.14,"867 Main St, City18",true
TXN1043,SELLER788,CUST7161,SKU74489,2025-03-22,211.17,"131 Main St, City16",false
TXN1044,SELLER690,CUST9167,SKU46051,2025-02-11,419.21,"839 Main St, City13",true
TXN1045,SELLER219,CUST5651,SKU72874,2024-10-01,76.35,"177 Main St, City1",false
TXN1046,SELLER586,CUST8542,SKU57099,2025-01-19,450.89,"302 Main St, City32",true
TXN1047,SELLER826,CUST7781,SKU31951,2025-03-22,303.97,"325 Main St, City23",false
TXN1048,SELLER197,CUST4702,SKU92160,2025-02-09,227.37,"872 Main St, City33",false
TXN1049,SELLER174,CUST4321,SKU94472,2025-06-22,476.54,"394 Main St, City28",true
TXN1050,SELLER880,CUST4296,SKU74127,2025-02-26,498.15,"901 Main St, City37",false
TXN1051,SELLER867,CUST7395,SKU22885,2024-10-21,210.99,"190 Main St, City33",true
TXN1052,SELLER492,CUST1555,SKU90358,2025-07-01,206.36,"906 Main St, City38",false
TXN1053,SELLER756,CUST4849,SKU22818,2024-11-08,372.27,"460 Main St, City36",false
TXN1054,SELLER619,CUST6571,SKU53876,2025-06-21,215.33,"344 Main St, City20",true
TXN1055,SELLER959,CUST7452,SKU64578,2025-06-11,66.76,"206 Main St, City17",false
TXN1056,SELLER229,CUST1296,SKU41706,2025-03-19,343.56,"435 Main St, City43",true
TXN1057,SELLER299,CUST9590,SKU34541,2025-05-30,212.77,"399 Main St, City32",false
TXN1058,SELLER961,CUST1022,SKU36456,2025-07-22,279.61,"410 Main St, City13",false
TXN1059,SELLER848,CUST2962,SKU48216,2025-06-23,80.42,"528 Main St, City19",false
TXN1060,SELLER320,CUST1293,SKU86261,2025-04-28,416.83,"381 Main St, City33",true
TXN1061,SELLER612,CUST2532,SKU91592,2025-06-17,57.66,"995 Main St, City11",false
TXN1062,SELLER109,CUST6713,SKU62442,2024-09-19,439.24,"750 Main St, City1",false
TXN1063,SELLER356,CUST8017,SKU17693,2024-11-23,308.38,"780 Main St, City16",false
TXN1064,SELLER692,CUST1622,SKU88439,2024-09-23,478.17,"498 Main St, City23",true
TXN1065,SELLER486,CUST2170,SKU48386,2024-10-10,248.88,"120 Main St, City49",true
TXN1066,SELLER385,CUST9327,SKU81966,2025-06-01,70.74,"843 Main St, City24",true
TXN1067,SELLER414,CUST9806,SKU85409,2025-02-18,50.35,"382 Main St, City34",false
TXN1068,SELLER746,CUST7901,SKU27281,2025-07-17,79.72,"295 Main St, City49",true
TXN1069,SELLER701,CUST8114,SKU57816,2024-10-05,346.96,"214 Main St, City5",false
TXN1070,SELLER545,CUST8748,SKU19175,2025-04-26,293.16,"622 Main St, City29",true
TXN1071,SELLER390,CUST3038,SKU52978,2024-11-29,414.61,"801 Main St, City31",false
TXN1072,SELLER744,CUST6504,SKU46836,2024-09-22,114.94,"303 Main St, City15",true
TXN1073,SELLER951,CUST4176,SKU10312,2025-03-05,193.79,"465 Main St, City34",false
TXN1074,SELLER959,CUST6979,SKU75925,2025-02-11,207.51,"533 Main St, City42",false
TXN1075,SELLER800,CUST2949,SKU49312,2025-07-07,241.08,"245 Main St, City8",true
TXN1076,SELLER551,CUST7823,SKU46937,2024-09-30,292.35,"205 Main St, City12",true
TXN1077,SELLER619,CUST4425,SKU43770,2024-10-05,121.11,"952 Main St, City5",true
TXN1078,SELLER421,CUST1558,SKU80739,2025-07-18,399.5,"254 Main St, City17",true
TXN1079,SELLER650,CUST3752,SKU39204,2024-11-17,482.77,"570 Main St, City49",true
TXN1080,SELLER883,CUST3967,SKU81490,2025-04-10,111.27,"871 Main St, City24",false
TXN1081,SELLER722,CUST9590,SKU85491,2025-04-08,160.01,"370 Main St, City35",false
TXN1082,SELLER163,CUST3681,SKU95691,2025-01-06,457.8,"118 Main St, City37",true
TXN1083,SELLER723,CUST1992,SKU12842,2024-12-11,461.32,"885 Main St, City43",false
TXN1084,SELLER223,CUST9380,SKU81647,2025-03-20,422.47,"582 Main St, City37",false
TXN1085,SELLER486,CUST8746,SKU91662,2025-02-15,11.26,"846 Main St, City2",false
TXN1086,SELLER598,CUST7442,SKU34692,2024-10-16,128.75,"784 Main St, City4",false
TXN1087,SELLER686,CUST7340,SKU83279,2024-08-16,391.39,"146 Main St, City15",false
TXN1088,SELLER622,CUST5467,SKU30027,2024-10-29,354.94,"163 Main St, City44",true
TXN1089,SELLER681,CUST4569,SKU32700,2024-10-30,62.42,"199 Main St, City44",false
TXN1090,SELLER900,CUST1421,SKU56889,2024-12-02,219.1,"643 Main St, City22",true
TXN1091,SELLER552,CUST5032,SKU15539,2025-01-17,417.99,"572 Main St, City31",true
TXN1092,SELLER222,CUST4323,SKU41433,2025-02-05,242.11,"886 Main St, City32",false
TXN1093,SELLER617,CUST3686,SKU48285,2024-08-07,162.38,"268 Main St, City9",true
TXN1094,SELLER186,CUST7189,SKU85961,2024-10-22,486.7,"761 Main St, City10",false
TXN1095,SELLER913,CUST3670,SKU82536,2025-06-14,415.02,"378 Main St, City41",false
TXN1096,SELLER318,CUST5084,SKU74801,2025-04-24,282.21,"941 Main St, City39",false
TXN1097,SELLER497,CUST7185,SKU27132,2024-10-20,137.71,"395 Main St, City42",true
TXN1098,SELLER985,CUST7408,SKU52175,2024-11-19,78.51,"236 Main St, City18",true
TXN1099,SELLER817,CUST7776,SKU29972,2025-04-09,50.09,"846 Main St, City14",false
